velocity,stopping
0.49742859541085815,0.11733287629060749
1.4981223321362984,0.24998695563444828
2.999401764335002,0.1250259916237165
