velocity,stopping
0.4980618679617136,0.1127326890096569
1.4984421855525711,0.25763201007182
1.9989497905179785,0.21677475818632724
2.9995066682865574,0.1310294016060063
3.9997144635454362,0.0842978768925198
